https://youtube.com/watch?v=ZDRiSCJUklc,3
https://youtube.com/watch?v=7GUW0gIgWN4,2
https://youtube.com/watch?v=7F4IODMXJ1U,2
https://youtube.com/watch?v=myKHHlX2NAY,3
https://youtube.com/watch?v=sFEUL523ERg,3
https://youtube.com/watch?v=CQIKl0_YbBs,3
https://youtube.com/watch?v=0JFw4Um7ghM,2
https://youtube.com/watch?v=1263nDNDeXc,2
https://youtube.com/watch?v=8bosaxelegs,2
https://youtube.com/watch?v=2KWrudRbgO8,2
https://youtube.com/watch?v=wZNVUMVIcJI,1
https://youtube.com/watch?v=ZIEo61Izt4s,3
https://youtube.com/watch?v=Rav4yNVBYmA,2
https://youtube.com/watch?v=_vhWuReKMXE,3
https://youtube.com/watch?v=O1ltwn0RL4s,1
https://youtube.com/watch?v=MjDZZ5HGvgI,3
https://youtube.com/watch?v=WFBVtn6BAc8,2
https://youtube.com/watch?v=H63BuatWK-s,3
https://youtube.com/watch?v=pC6d3uW7HUk,3
https://youtube.com/watch?v=q8zlBQK3qlY,3
https://youtube.com/watch?v=Fetrz4-64Fw,2
https://youtube.com/watch?v=eRw0SGzZqRE,3
https://youtube.com/watch?v=5NyIPnT1Wpw,3
https://youtube.com/watch?v=joQSXRlb5ik,3
https://youtube.com/watch?v=27KD-zP1_G8,3
https://youtube.com/watch?v=l-v3GNgPR78,3
https://youtube.com/watch?v=2cwPNJTpl4s,3
https://youtube.com/watch?v=Yfm_Vkv0C9o,2
https://youtube.com/watch?v=R8lLynze4Oo,3
https://youtube.com/watch?v=i7ds-DhM89I,3
https://youtube.com/watch?v=wy98uEOSh4Q,3
https://youtube.com/watch?v=s6XFQZLcBwA,2
https://youtube.com/watch?v=HVktNJpC6D8,2
https://youtube.com/watch?v=Dnsz-1Jjmws,3
https://youtube.com/watch?v=qTmL6LirZhA,2
https://youtube.com/watch?v=KoI9vKl2qLw,3
https://youtube.com/watch?v=taTKzFjcnpM,1
https://youtube.com/watch?v=6J9p7AxxfL4,3
https://youtube.com/watch?v=G9f-ZkW86BM,3
https://youtube.com/watch?v=fRDUdndLSdE,2
https://youtube.com/watch?v=_PFDTAP80Fk,3
https://youtube.com/watch?v=9P_U6kAfKSg,2
https://youtube.com/watch?v=Mv7QM7MV8YU,3
https://youtube.com/watch?v=FdGyXE47HzQ,3
https://youtube.com/watch?v=sHMq4jkKht4,1
https://youtube.com/watch?v=xnGuW1RLgBk,3
https://youtube.com/watch?v=xFBgMMLTWos,2
https://youtube.com/watch?v=WQa2E4iAnWQ,1
https://youtube.com/watch?v=5mRnCsRXwv8,3
https://youtube.com/watch?v=5Uk22dxfJJY,2
https://youtube.com/watch?v=8vGWKrw6Rmg,1
https://youtube.com/watch?v=E7byvKAJHGU,3
https://youtube.com/watch?v=dq4ApkgTHcY,2
https://youtube.com/watch?v=PbgIks65fTE,3
https://youtube.com/watch?v=49HZoaP_yLk,3
https://youtube.com/watch?v=hl7LaTWnDYA,1
https://youtube.com/watch?v=emtVr3Mbjcg,2
https://youtube.com/watch?v=03sgLm-pLSA,3
https://youtube.com/watch?v=e8Tfn4KXoGg,3
https://youtube.com/watch?v=r_VbXK6KfVg,3
https://youtube.com/watch?v=P09ZwPBwenM,3
https://youtube.com/watch?v=X6znwo5icFM,3
https://youtube.com/watch?v=nW87hGK-UiE,2
https://youtube.com/watch?v=Lv7_3UQNo4s,3
https://youtube.com/watch?v=q8JdMIp6H78,1
https://youtube.com/watch?v=pjsDqXcreDw,2
https://youtube.com/watch?v=6ZPDYlvj7MM,3
https://youtube.com/watch?v=TiMJASuJmFg,1
https://youtube.com/watch?v=Rq6eMZyVFtk,2
https://youtube.com/watch?v=lfSs4gnNNVw,3
https://youtube.com/watch?v=88_TnYMo9MI,3
https://youtube.com/watch?v=MN_JT6hAyMs,3
https://youtube.com/watch?v=STVEYauGOU4,3
https://youtube.com/watch?v=-yfO4qiTRrA,3
https://youtube.com/watch?v=2klB6wiMobk,3
https://youtube.com/watch?v=fgK-XprVqQU,1
https://youtube.com/watch?v=uvmbLc7zk1o,1
https://youtube.com/watch?v=8iYSre_njk8,1
https://youtube.com/watch?v=a0ORDlC7DkM,3
https://youtube.com/watch?v=PKRJwJiyvnM,2
https://youtube.com/watch?v=noY1LuBIZIw,3
https://youtube.com/watch?v=8wcIQKvZAkQ,2
https://youtube.com/watch?v=2E3Idf4Q3UU,1
https://youtube.com/watch?v=e4yNzS5vYgM,3
https://youtube.com/watch?v=9yfUY3CIkDk,2
https://youtube.com/watch?v=qJxecG7nOKY,3
https://youtube.com/watch?v=HDrUq-eF_ZA,1
https://youtube.com/watch?v=AZaTWtTMqrw,3
https://youtube.com/watch?v=4wn0NcvqKUY,3
https://youtube.com/watch?v=pvHU271fFzo,3
https://youtube.com/watch?v=GsZG1ggSQFw,2
https://youtube.com/watch?v=X-61RmPgBzA,1
https://youtube.com/watch?v=cRkK0bIfrAc,1
https://youtube.com/watch?v=pXi0lIfNkA0,3
https://youtube.com/watch?v=66RWAfuKPq4,3
https://youtube.com/watch?v=RUZcg6SOZ0A,2
https://youtube.com/watch?v=XcTu7_xYwHY,3
https://youtube.com/watch?v=PdKMPIYmVjM,1
https://youtube.com/watch?v=LOKnQziT0ug,3
https://youtube.com/watch?v=K8qNPMqECI0,3
https://youtube.com/watch?v=X6qXjxRQAWE,3
https://youtube.com/watch?v=tQlC_uHJeQE,3
https://youtube.com/watch?v=aj2Of8wwg-0,3
https://youtube.com/watch?v=OCcZGHxLcic,3
https://youtube.com/watch?v=hwYJmGwQ6Mk,1
https://youtube.com/watch?v=bsuYcwlzr2w,1
https://youtube.com/watch?v=Bm_Gc4MXqfQ,3
https://youtube.com/watch?v=1IbKYmI_d7g,2
https://youtube.com/watch?v=0LQ8h32B-rI,3
https://youtube.com/watch?v=tfP38CFtGOk,2
https://youtube.com/watch?v=oq1ZR2eJzkA,3
https://youtube.com/watch?v=7CYSUQ0o15M,3
https://youtube.com/watch?v=hnyIP1ax8m0,3
https://youtube.com/watch?v=qsh8B2CJRzw,2
https://youtube.com/watch?v=hWAeA0ih4RM,2
https://youtube.com/watch?v=z1aBPA7b9Is,2
https://youtube.com/watch?v=vt6N5ucR7eI,3
https://youtube.com/watch?v=W3nrqOPc5BE,3
https://youtube.com/watch?v=6DhT7SjelLE,2
https://youtube.com/watch?v=Q3J9ZSPhPKs,3
https://youtube.com/watch?v=ZNq9GOq96qU,2
https://youtube.com/watch?v=QPivYjhPxMQ,2
https://youtube.com/watch?v=ewt7CF0QuPY,2
https://youtube.com/watch?v=Ds5RtEB-xuE,1
https://youtube.com/watch?v=0RyOT0yRSH4,3
https://youtube.com/watch?v=0uAdrI6JpeY,3
https://youtube.com/watch?v=rtVT5KKViN4,3
https://youtube.com/watch?v=KrGEtMZ1WDY,3
https://youtube.com/watch?v=DitFKkBPtWQ,3
https://youtube.com/watch?v=vKhwV1COFpo,3
https://youtube.com/watch?v=NFVI7ioUe-4,2
https://youtube.com/watch?v=U9eY_qViYGI,2
https://youtube.com/watch?v=-JmJyOx4YAk,2
https://youtube.com/watch?v=GlgtRB1zv6U,1
https://youtube.com/watch?v=1K-r6OvIGZo,1
https://youtube.com/watch?v=8GNsmDiwB_4,3
https://youtube.com/watch?v=NxPXcLm2F1Q,3
https://youtube.com/watch?v=GSnJ656KNjo,2
https://youtube.com/watch?v=OcVtCTBTJ-4,3
https://youtube.com/watch?v=eaQ9oC58ZqA,3
https://youtube.com/watch?v=VBrp4GM-nZ8,3
https://youtube.com/watch?v=sNPP0TtPT9A,1
https://youtube.com/watch?v=u_Qs7K1vR4k,3
https://youtu.be/Dch8Iqdi3SI,3
https://youtu.be/TTvF_wflNUo,3
https://youtu.be/7MLfi4jT-vo,3
https://youtube.com/watch?v=f94ebvGISMw,3
https://youtube.com/watch?v=lFVsoRmQWSc,2
https://youtube.com/watch?v=BZYMzs0Jt94,3
https://youtube.com/watch?v=QhLMlA3Wb8w,3
https://youtube.com/watch?v=VtvBpcyQP9M,3
https://youtube.com/watch?v=czCHvDY23fc,3
https://youtube.com/watch?v=nn3wvAN15Ys,3
https://youtube.com/watch?v=A2_yg19Pu7Y,2
https://youtube.com/watch?v=_JCpetr_t14,2
https://youtube.com/watch?v=ytL6KI55y0w,2
https://youtube.com/watch?v=O-q4bzP215Y,3
https://youtube.com/watch?v=J4BnOWPEcks,2
https://youtube.com/watch?v=XTRvjkt4zgc,1
https://youtube.com/watch?v=IRuduQI82WI,1
https://youtube.com/watch?v=VQKe79uV6Nk,1
https://youtube.com/watch?v=zlQFxM5SzZ0,1
https://youtube.com/watch?v=gNiue8zYFYE,1
https://youtube.com/watch?v=Drq8dXGrtTs,1
https://youtube.com/watch?v=lRSQtOZRdEo,1
https://youtube.com/watch?v=Bqu0oTGdXu4,3
https://youtube.com/watch?v=cv1nFV46VFU,3
https://youtube.com/watch?v=FAtO-aVRBvo,1
https://youtube.com/watch?v=E-EA2DZXlOI,2
https://youtube.com/watch?v=ujiaBQB5kHM,2
https://youtube.com/watch?v=y4R94bJVdRw,2
https://youtube.com/watch?v=J6SVLr798uc,1
https://youtube.com/watch?v=iyLfEOlLKws,1
https://youtube.com/watch?v=LMWECKbhtJE,1
https://youtube.com/watch?v=ZwQEJvxL7wc,1
https://youtube.com/watch?v=iMO3sMZrqvc,1
https://youtube.com/watch?v=-ArHYC4hNnQ,2
https://youtube.com/watch?v=CQMYgKCMQ3A,2
https://youtube.com/watch?v=4WARBndrZSw,2
https://youtube.com/watch?v=JImhpHbmGvY,2
https://youtube.com/watch?v=BW9nYWrIB0w,3
https://youtube.com/watch?v=EOpto--dPFM,2
https://youtube.com/watch?v=Xf_Gqc7q0FI,2
https://youtube.com/watch?v=TJjItf3rGfw,2
https://youtube.com/watch?v=orGPDThW2yM,2
https://youtube.com/watch?v=hjozWTaw24o,2
https://youtube.com/watch?v=IsdGeQ9eiME,1
https://youtube.com/watch?v=yHgW0Ab0vDI,1
https://youtube.com/watch?v=whhGkjw13yk,2
https://youtube.com/watch?v=YiqRZEYPgK0,2
https://youtube.com/watch?v=vMhmUe5wAcw,3
https://youtube.com/watch?v=5N9i0yQDuoY,2
https://youtube.com/watch?v=rW3sZMK4z48,1
https://youtube.com/watch?v=3TiPwoBdvl0,1
https://youtube.com/watch?v=MITlAqaogW8,2
https://youtube.com/watch?v=_-cNCw55AVw,1
https://youtube.com/watch?v=ZE8VlfNpwN0,1
